{"cameraMode":{"drawMode":0,"name":"Shaded","section":"Shading Mode"},"sceneLighting":false,"audioPlay":false,"sceneViewState":{"showFog":true,"showMaterialUpdate":false,"showSkybox":false,"showFlares":true,"showImageEffects":true,"showParticleSystems":true},"in2DMode":false,"pivot":{"x":0.000644385814666748,"y":0.33735936880111697,"z":-2.9802322387695315e-8},"rotation":{"x":0.0008020747336558998,"y":-0.9962694644927979,"z":0.009275262244045735,"w":0.0859995037317276},"size":2.3119709491729738,"orthographic":false}