{"cameraMode":{"drawMode":0,"name":"Shaded","section":"Shading Mode"},"sceneLighting":true,"audioPlay":false,"sceneViewState":{"showFog":true,"showMaterialUpdate":false,"showSkybox":true,"showFlares":true,"showImageEffects":true,"showParticleSystems":true},"in2DMode":false,"pivot":{"x":-611.3192749023438,"y":58.877601623535159,"z":6.113739967346191},"rotation":{"x":-0.055811699479818347,"y":0.22478266060352326,"z":-0.012882713228464127,"w":-0.9727364778518677},"size":1.45509934425354,"orthographic":false}