{"cameraMode":{"drawMode":0,"name":"Shaded","section":"Shading Mode"},"sceneLighting":false,"audioPlay":false,"sceneViewState":{"showFog":true,"showMaterialUpdate":false,"showSkybox":false,"showFlares":true,"showImageEffects":true,"showParticleSystems":true},"in2DMode":false,"pivot":{"x":-0.9139785766601563,"y":4.843121528625488,"z":0.0},"rotation":{"x":-0.055811699479818347,"y":0.22478266060352326,"z":-0.012882713228464127,"w":-0.9727364778518677},"size":40.66204833984375,"orthographic":false}