{"cameraMode":{"drawMode":0,"name":"Shaded","section":"Shading Mode"},"sceneLighting":true,"audioPlay":false,"sceneViewState":{"showFog":true,"showMaterialUpdate":false,"showSkybox":true,"showFlares":true,"showImageEffects":true,"showParticleSystems":true},"in2DMode":false,"pivot":{"x":-535.6278686523438,"y":-2.9316020011901857,"z":149.8542022705078},"rotation":{"x":-0.18018418550491334,"y":-0.22877241671085359,"z":0.04304321110248566,"w":-0.9558147192001343},"size":184.08969116210938,"orthographic":false}