{"cameraMode":{"drawMode":0,"name":"Shaded","section":"Shading Mode"},"sceneLighting":true,"audioPlay":false,"sceneViewState":{"showFog":true,"showMaterialUpdate":false,"showSkybox":true,"showFlares":true,"showImageEffects":true,"showParticleSystems":true},"in2DMode":false,"pivot":{"x":-601.9154052734375,"y":41.18013000488281,"z":17.22622299194336},"rotation":{"x":-0.07635015994310379,"y":-0.9118746519088745,"z":0.19747082889080048,"w":-0.35195836424827578},"size":48.802223205566409,"orthographic":false}